diff,inchi_A,inchi_B,folded_sim,sparse_sim
0.325,"InChI=1S/C13H30P/c1-5-8-11-14(4,12-9-6-2)13-10-7-3/h5-13H2,1-4H3/q+1","InChI=1S/C7H16/c1-4-5-6-7(2)3/h7H,4-6H2,1-3H3",0.625,0.3
0.325,"InChI=1S/C12H26/c1-5-7-9-11(3)12(4)10-8-6-2/h11-12H,5-10H2,1-4H3/t11-,12-/m0/s1","InChI=1S/C13H30P/c1-5-8-11-14(4,12-9-6-2)13-10-7-3/h5-13H2,1-4H3/q+1",0.625,0.3
0.325,"InChI=1S/C12H26/c1-5-7-9-11(3)12(4)10-8-6-2/h11-12H,5-10H2,1-4H3","InChI=1S/C13H30P/c1-5-8-11-14(4,12-9-6-2)13-10-7-3/h5-13H2,1-4H3/q+1",0.625,0.3
0.325,"InChI=1S/C10H22/c1-4-6-8-10(3)9-7-5-2/h10H,4-9H2,1-3H3","InChI=1S/C13H30P/c1-5-8-11-14(4,12-9-6-2)13-10-7-3/h5-13H2,1-4H3/q+1",0.625,0.3
0.3025210084033614,"InChI=1S/C13H30P/c1-5-8-11-14(4,12-9-6-2)13-10-7-3/h5-13H2,1-4H3/q+1","InChI=1S/C15H32/c1-5-7-10-14(3)12-9-13-15(4)11-8-6-2/h14-15H,5-13H2,1-4H3",0.5882352941176471,0.2857142857142857
0.2828282828282829,"InChI=1S/C14H32P/c1-5-9-12-15(8-4,13-10-6-2)14-11-7-3/h5-14H2,1-4H3/q+1","InChI=1S/C9H20/c1-4-7-8-9(5-2)6-3/h9H,4-8H2,1-3H3",0.5555555555555556,0.2727272727272727
0.2828282828282829,"InChI=1S/C14H30/c1-5-9-11-13(7-3)14(8-4)12-10-6-2/h13-14H,5-12H2,1-4H3","InChI=1S/C14H32P/c1-5-9-12-15(8-4,13-10-6-2)14-11-7-3/h5-14H2,1-4H3/q+1",0.5555555555555556,0.2727272727272727
0.2828282828282829,"InChI=1S/C13H30P/c1-5-8-11-14(4,12-9-6-2)13-10-7-3/h5-13H2,1-4H3/q+1","InChI=1S/C9H20/c1-5-6-7-9(4)8(2)3/h8-9H,5-7H2,1-4H3",0.5555555555555556,0.2727272727272727
0.2828282828282829,"InChI=1S/C13H30P/c1-5-8-11-14(4,12-9-6-2)13-10-7-3/h5-13H2,1-4H3/q+1","InChI=1S/C9H20/c1-4-6-8-9(3)7-5-2/h9H,4-8H2,1-3H3",0.5555555555555556,0.2727272727272727
0.2828282828282829,"InChI=1S/C13H30P/c1-5-8-11-14(4,12-9-6-2)13-10-7-3/h5-13H2,1-4H3/q+1","InChI=1S/C8H18/c1-4-6-7-8(3)5-2/h8H,4-7H2,1-3H3",0.5555555555555556,0.2727272727272727
0.2828282828282829,"InChI=1S/C13H30P/c1-5-8-11-14(4,12-9-6-2)13-10-7-3/h5-13H2,1-4H3/q+1","InChI=1S/C6H15N/c1-3-4-5-6(2)7/h6H,3-5,7H2,1-2H3/t6-/m1/s1",0.5555555555555556,0.2727272727272727
0.2828282828282829,"InChI=1S/C13H30P/c1-5-8-11-14(4,12-9-6-2)13-10-7-3/h5-13H2,1-4H3/q+1","InChI=1S/C6H15N/c1-3-4-5-6(2)7/h6H,3-5,7H2,1-2H3/t6-/m0/s1",0.5555555555555556,0.2727272727272727
0.2828282828282829,"InChI=1S/C13H30P/c1-5-8-11-14(4,12-9-6-2)13-10-7-3/h5-13H2,1-4H3/q+1","InChI=1S/C6H15N/c1-3-4-5-6(2)7/h6H,3-5,7H2,1-2H3",0.5555555555555556,0.2727272727272727
0.2828282828282829,"InChI=1S/C13H30P/c1-5-8-11-14(4,12-9-6-2)13-10-7-3/h5-13H2,1-4H3/q+1","InChI=1S/C6H14S/c1-3-4-5-6(2)7/h6-7H,3-5H2,1-2H3",0.5555555555555556,0.2727272727272727
0.2828282828282829,"InChI=1S/C13H30P/c1-5-8-11-14(4,12-9-6-2)13-10-7-3/h5-13H2,1-4H3/q+1","InChI=1S/C6H14O/c1-3-4-5-6(2)7/h6-7H,3-5H2,1-2H3/t6-/m1/s1",0.5555555555555556,0.2727272727272727
0.2828282828282829,"InChI=1S/C13H30P/c1-5-8-11-14(4,12-9-6-2)13-10-7-3/h5-13H2,1-4H3/q+1","InChI=1S/C6H14O/c1-3-4-5-6(2)7/h6-7H,3-5H2,1-2H3/t6-/m0/s1",0.5555555555555556,0.2727272727272727
0.2828282828282829,"InChI=1S/C13H30P/c1-5-8-11-14(4,12-9-6-2)13-10-7-3/h5-13H2,1-4H3/q+1","InChI=1S/C6H14O/c1-3-4-5-6(2)7/h6-7H,3-5H2,1-2H3",0.5555555555555556,0.2727272727272727
0.2828282828282829,"InChI=1S/C13H30P/c1-5-8-11-14(4,12-9-6-2)13-10-7-3/h5-13H2,1-4H3/q+1","InChI=1S/C6H13I/c1-3-4-5-6(2)7/h6H,3-5H2,1-2H3",0.5555555555555556,0.2727272727272727
0.2828282828282829,"InChI=1S/C13H30P/c1-5-8-11-14(4,12-9-6-2)13-10-7-3/h5-13H2,1-4H3/q+1","InChI=1S/C6H13Cl/c1-3-4-5-6(2)7/h6H,3-5H2,1-2H3",0.5555555555555556,0.2727272727272727
0.2828282828282829,"InChI=1S/C13H30P/c1-5-8-11-14(4,12-9-6-2)13-10-7-3/h5-13H2,1-4H3/q+1","InChI=1S/C6H13Br/c1-3-4-5-6(2)7/h6H,3-5H2,1-2H3",0.5555555555555556,0.2727272727272727
0.2828282828282829,"InChI=1S/C11H24/c1-6-7-8-11(9(2)3)10(4)5/h9-11H,6-8H2,1-5H3","InChI=1S/C13H30P/c1-5-8-11-14(4,12-9-6-2)13-10-7-3/h5-13H2,1-4H3/q+1",0.5555555555555556,0.2727272727272727
0.2828282828282829,"InChI=1S/C11H24/c1-5-7-9-11(4)10(3)8-6-2/h10-11H,5-9H2,1-4H3","InChI=1S/C13H30P/c1-5-8-11-14(4,12-9-6-2)13-10-7-3/h5-13H2,1-4H3/q+1",0.5555555555555556,0.2727272727272727
0.2828282828282829,"InChI=1S/C11H24/c1-4-7-9-11(6-3)10-8-5-2/h11H,4-10H2,1-3H3","InChI=1S/C14H32P/c1-5-9-12-15(8-4,13-10-6-2)14-11-7-3/h5-14H2,1-4H3/q+1",0.5555555555555556,0.2727272727272727
0.2828282828282829,"InChI=1S/C11H24/c1-4-6-8-10-11(3)9-7-5-2/h11H,4-10H2,1-3H3/t11-/m0/s1","InChI=1S/C13H30P/c1-5-8-11-14(4,12-9-6-2)13-10-7-3/h5-13H2,1-4H3/q+1",0.5555555555555556,0.2727272727272727
0.2828282828282829,"InChI=1S/C11H24/c1-4-6-8-10-11(3)9-7-5-2/h11H,4-10H2,1-3H3","InChI=1S/C13H30P/c1-5-8-11-14(4,12-9-6-2)13-10-7-3/h5-13H2,1-4H3/q+1",0.5555555555555556,0.2727272727272727
0.2828282828282829,"InChI=1/C9H20/c1-5-6-7-9(4)8(2)3/h8-9H,5-7H2,1-4H3","InChI=1S/C13H30P/c1-5-8-11-14(4,12-9-6-2)13-10-7-3/h5-13H2,1-4H3/q+1",0.5555555555555556,0.2727272727272727
0.2828282828282829,"InChI=1/C9H20/c1-4-6-8-9(3)7-5-2/h9H,4-8H2,1-3H3","InChI=1S/C13H30P/c1-5-8-11-14(4,12-9-6-2)13-10-7-3/h5-13H2,1-4H3/q+1",0.5555555555555556,0.2727272727272727
0.2828282828282829,"InChI=1/C8H18/c1-4-6-7-8(3)5-2/h8H,4-7H2,1-3H3","InChI=1S/C13H30P/c1-5-8-11-14(4,12-9-6-2)13-10-7-3/h5-13H2,1-4H3/q+1",0.5555555555555556,0.2727272727272727
0.2828282828282829,"InChI=1/C6H15N/c1-3-4-5-6(2)7/h6H,3-5,7H2,1-2H3","InChI=1S/C13H30P/c1-5-8-11-14(4,12-9-6-2)13-10-7-3/h5-13H2,1-4H3/q+1",0.5555555555555556,0.2727272727272727
0.2828282828282829,"InChI=1/C6H14O/c1-3-4-5-6(2)7/h6-7H,3-5H2,1-2H3","InChI=1S/C13H30P/c1-5-8-11-14(4,12-9-6-2)13-10-7-3/h5-13H2,1-4H3/q+1",0.5555555555555556,0.2727272727272727
0.2828282828282829,"InChI=1/C6H13I/c1-3-4-5-6(2)7/h6H,3-5H2,1-2H3","InChI=1S/C13H30P/c1-5-8-11-14(4,12-9-6-2)13-10-7-3/h5-13H2,1-4H3/q+1",0.5555555555555556,0.2727272727272727
0.2828282828282829,"InChI=1/C6H13Cl/c1-3-4-5-6(2)7/h6H,3-5H2,1-2H3","InChI=1S/C13H30P/c1-5-8-11-14(4,12-9-6-2)13-10-7-3/h5-13H2,1-4H3/q+1",0.5555555555555556,0.2727272727272727
0.2828282828282829,"InChI=1/C6H13Br/c1-3-4-5-6(2)7/h6H,3-5H2,1-2H3","InChI=1S/C13H30P/c1-5-8-11-14(4,12-9-6-2)13-10-7-3/h5-13H2,1-4H3/q+1",0.5555555555555556,0.2727272727272727
0.2828282828282829,"InChI=1/C11H24/c1-5-7-9-11(4)10(3)8-6-2/h10-11H,5-9H2,1-4H3","InChI=1S/C13H30P/c1-5-8-11-14(4,12-9-6-2)13-10-7-3/h5-13H2,1-4H3/q+1",0.5555555555555556,0.2727272727272727
0.2828282828282829,"InChI=1/C11H24/c1-4-6-8-10-11(3)9-7-5-2/h11H,4-10H2,1-3H3","InChI=1S/C13H30P/c1-5-8-11-14(4,12-9-6-2)13-10-7-3/h5-13H2,1-4H3/q+1",0.5555555555555556,0.2727272727272727
0.2777777777777778,"InChI=1S/C13H30P/c1-5-8-11-14(4,12-9-6-2)13-10-7-3/h5-13H2,1-4H3/q+1","InChI=1S/C9H17N/c1-4-5-6-9(7-10)8(2)3/h8-9H,4-6H2,1-3H3",0.5,0.2222222222222222
0.2777777777777778,"InChI=1S/C13H30P/c1-5-8-11-14(4,12-9-6-2)13-10-7-3/h5-13H2,1-4H3/q+1","InChI=1S/C8H15N/c1-3-4-5-8(2)6-7-9/h8H,3-6H2,1-2H3",0.5,0.2222222222222222
0.2763157894736842,"InChI=1S/C10H19N/c1-3-5-7-10(9-11)8-6-4-2/h10H,3-8H2,1-2H3","InChI=1S/C13H30P/c1-5-8-11-14(4,12-9-6-2)13-10-7-3/h5-13H2,1-4H3/q+1",0.5263157894736842,0.25
0.26666666666666666,"InChI=1S/C13H28/c1-4-7-10-13(11-8-5-2)12-9-6-3/h13H,4-12H2,1-3H3","InChI=1S/C16H36P/c1-5-9-13-17(14-10-6-2,15-11-7-3)16-12-8-4/h5-16H2,1-4H3/q+1",0.6,0.3333333333333333
0.2654462242562929,"InChI=1S/C14H32P/c1-5-9-12-15(8-4,13-10-6-2)14-11-7-3/h5-14H2,1-4H3/q+1","InChI=1S/C8H18/c1-4-6-7-8(3)5-2/h8H,4-7H2,1-3H3",0.5263157894736842,0.2608695652173913
0.2654462242562929,"InChI=1S/C14H32P/c1-5-9-12-15(8-4,13-10-6-2)14-11-7-3/h5-14H2,1-4H3/q+1","InChI=1S/C16H34/c1-5-9-11-15(7-3)13-14-16(8-4)12-10-6-2/h15-16H,5-14H2,1-4H3",0.5263157894736842,0.2608695652173913
0.2654462242562929,"InChI=1S/C13H30P/c1-5-8-11-14(4,12-9-6-2)13-10-7-3/h5-13H2,1-4H3/q+1","InChI=1S/C29H60/c1-5-7-9-10-11-15-18-22-26-29(4)27-23-20-17-14-12-13-16-19-21-25-28(3)24-8-6-2/h28-29H,5-27H2,1-4H3",0.5263157894736842,0.2608695652173913
0.2654462242562929,"InChI=1S/C13H30P/c1-5-8-11-14(4,12-9-6-2)13-10-7-3/h5-13H2,1-4H3/q+1","InChI=1S/C29H60/c1-5-7-9-10-11-12-13-15-18-22-26-29(4)27-23-20-17-14-16-19-21-25-28(3)24-8-6-2/h28-29H,5-27H2,1-4H3",0.5263157894736842,0.2608695652173913
0.2654462242562929,"InChI=1S/C13H30P/c1-5-8-11-14(4,12-9-6-2)13-10-7-3/h5-13H2,1-4H3/q+1","InChI=1S/C29H60/c1-5-7-9-10-11-12-13-14-15-16-18-21-26-29(4)27-23-20-17-19-22-25-28(3)24-8-6-2/h28-29H,5-27H2,1-4H3",0.5263157894736842,0.2608695652173913
0.2654462242562929,"InChI=1S/C13H30P/c1-5-8-11-14(4,12-9-6-2)13-10-7-3/h5-13H2,1-4H3/q+1","InChI=1S/C29H60/c1-5-7-9-10-11-12-13-14-15-16-17-18-19-21-25-29(4)27-23-20-22-26-28(3)24-8-6-2/h28-29H,5-27H2,1-4H3",0.5263157894736842,0.2608695652173913
0.2654462242562929,"InChI=1S/C13H30P/c1-5-8-11-14(4,12-9-6-2)13-10-7-3/h5-13H2,1-4H3/q+1","InChI=1S/C29H60/c1-4-6-8-9-10-11-12-13-14-15-16-17-18-19-20-21-22-23-24-25-26-28-29(3)27-7-5-2/h29H,4-28H2,1-3H3",0.5263157894736842,0.2608695652173913
0.2654462242562929,"InChI=1S/C13H30P/c1-5-8-11-14(4,12-9-6-2)13-10-7-3/h5-13H2,1-4H3/q+1","InChI=1S/C28H58/c1-5-7-9-10-14-17-21-25-28(4)26-22-19-16-13-11-12-15-18-20-24-27(3)23-8-6-2/h27-28H,5-26H2,1-4H3",0.5263157894736842,0.2608695652173913
0.2654462242562929,"InChI=1S/C13H30P/c1-5-8-11-14(4,12-9-6-2)13-10-7-3/h5-13H2,1-4H3/q+1","InChI=1S/C28H58/c1-5-7-9-10-11-12-13-14-15-16-17-18-20-24-28(4)26-22-19-21-25-27(3)23-8-6-2/h27-28H,5-26H2,1-4H3",0.5263157894736842,0.2608695652173913
0.2654462242562929,"InChI=1S/C13H30P/c1-5-8-11-14(4,12-9-6-2)13-10-7-3/h5-13H2,1-4H3/q+1","InChI=1S/C28H58/c1-4-6-8-9-10-11-12-13-14-15-16-17-18-19-20-21-22-23-24-25-27-28(3)26-7-5-2/h28H,4-27H2,1-3H3",0.5263157894736842,0.2608695652173913
0.2654462242562929,"InChI=1S/C13H30P/c1-5-8-11-14(4,12-9-6-2)13-10-7-3/h5-13H2,1-4H3/q+1","InChI=1S/C27H56/c1-5-7-9-10-16-19-24-27(4)25-21-18-15-13-11-12-14-17-20-23-26(3)22-8-6-2/h26-27H,5-25H2,1-4H3",0.5263157894736842,0.2608695652173913
